-- Recovery Center mock seed data for schema review
-- Uses fixed UUIDs so relationships are easy to inspect.
-- Note: this file is intended for schema review before implementation.
-- In a real Supabase project, the profile row should be created for an
-- actual auth user id generated by Supabase Auth.

insert into public.profiles (
  id,
  email,
  display_name,
  timezone
) values (
  '11111111-1111-1111-1111-111111111111',
  'demo@recovery-center.local',
  'Demo User',
  'America/Chicago'
)
on conflict (id) do nothing;

insert into public.recovery_programs (
  id,
  user_id,
  name,
  start_date,
  total_weeks,
  phase_two_start_week,
  phase_one_dose_mg,
  phase_two_dose_mg,
  patch_renewal_day,
  is_active
) values (
  '22222222-2222-2222-2222-222222222222',
  '11111111-1111-1111-1111-111111111111',
  'BPC-157 + TB-500 Recovery Protocol',
  '2026-03-01',
  8,
  5,
  1.00,
  2.00,
  4,
  true
)
on conflict (id) do nothing;

insert into public.program_weeks (
  id,
  program_id,
  week_number,
  starts_on,
  ends_on,
  dose_mg,
  phase_label
) values
  ('30000000-0000-0000-0000-000000000001', '22222222-2222-2222-2222-222222222222', 1, '2026-03-01', '2026-03-07', 1.00, 'Phase 1'),
  ('30000000-0000-0000-0000-000000000002', '22222222-2222-2222-2222-222222222222', 2, '2026-03-08', '2026-03-14', 1.00, 'Phase 1'),
  ('30000000-0000-0000-0000-000000000003', '22222222-2222-2222-2222-222222222222', 3, '2026-03-15', '2026-03-21', 1.00, 'Phase 1'),
  ('30000000-0000-0000-0000-000000000004', '22222222-2222-2222-2222-222222222222', 4, '2026-03-22', '2026-03-28', 1.00, 'Phase 1'),
  ('30000000-0000-0000-0000-000000000005', '22222222-2222-2222-2222-222222222222', 5, '2026-03-29', '2026-04-04', 2.00, 'Phase 2'),
  ('30000000-0000-0000-0000-000000000006', '22222222-2222-2222-2222-222222222222', 6, '2026-04-05', '2026-04-11', 2.00, 'Phase 2'),
  ('30000000-0000-0000-0000-000000000007', '22222222-2222-2222-2222-222222222222', 7, '2026-04-12', '2026-04-18', 2.00, 'Phase 2'),
  ('30000000-0000-0000-0000-000000000008', '22222222-2222-2222-2222-222222222222', 8, '2026-04-19', '2026-04-25', 2.00, 'Phase 2')
on conflict (program_id, week_number) do nothing;

insert into public.supplements (
  id,
  user_id,
  name,
  is_default
) values
  ('40000000-0000-0000-0000-000000000001', '11111111-1111-1111-1111-111111111111', 'Vitamin D', true),
  ('40000000-0000-0000-0000-000000000002', '11111111-1111-1111-1111-111111111111', 'Magnesium', true),
  ('40000000-0000-0000-0000-000000000003', '11111111-1111-1111-1111-111111111111', 'Fish Oil', true),
  ('40000000-0000-0000-0000-000000000004', '11111111-1111-1111-1111-111111111111', 'B Complex', true),
  ('40000000-0000-0000-0000-000000000005', '11111111-1111-1111-1111-111111111111', 'Vitamin C', true),
  ('40000000-0000-0000-0000-000000000006', '11111111-1111-1111-1111-111111111111', 'Zinc', true),
  ('40000000-0000-0000-0000-000000000007', '11111111-1111-1111-1111-111111111111', 'Turmeric', true),
  ('40000000-0000-0000-0000-000000000008', '11111111-1111-1111-1111-111111111111', 'Probiotics', true),
  ('40000000-0000-0000-0000-000000000009', '11111111-1111-1111-1111-111111111111', 'CoQ10', true),
  ('40000000-0000-0000-0000-000000000010', '11111111-1111-1111-1111-111111111111', 'NAC', true)
on conflict (user_id, name) do nothing;

insert into public.daily_logs (
  id,
  user_id,
  program_id,
  program_week_id,
  week_number,
  day_of_week,
  log_date,
  patch_cycle_day,
  joint_pain,
  nerve_pain,
  energy,
  sleep_quality,
  afternoon_crash,
  tingling_numbness,
  brain_fog,
  fatigue,
  muscle_weakness,
  burning_pain,
  alcohol_used,
  protein_grams,
  carbs_grams,
  fat_grams,
  water_oz,
  meals,
  notes
) values
  (
    '50000000-0000-0000-0000-000000000001',
    '11111111-1111-1111-1111-111111111111',
    '22222222-2222-2222-2222-222222222222',
    '30000000-0000-0000-0000-000000000001',
    1,
    2,
    '2026-03-03',
    5,
    7,
    7,
    6,
    4,
    7,
    6,
    7,
    6,
    6,
    7,
    false,
    130,
    170,
    55,
    80,
    'Breakfast: eggs and toast; Lunch: chicken bowl; Dinner: steak and rice',
    ''
  ),
  (
    '50000000-0000-0000-0000-000000000002',
    '11111111-1111-1111-1111-111111111111',
    '22222222-2222-2222-2222-222222222222',
    '30000000-0000-0000-0000-000000000001',
    1,
    3,
    '2026-03-04',
    6,
    7,
    7,
    6,
    4,
    8,
    8,
    7,
    7,
    5,
    8,
    false,
    120,
    160,
    50,
    72,
    'Breakfast: yogurt; Lunch: turkey wrap; Dinner: salmon and potatoes',
    ''
  ),
  (
    '50000000-0000-0000-0000-000000000003',
    '11111111-1111-1111-1111-111111111111',
    '22222222-2222-2222-2222-222222222222',
    '30000000-0000-0000-0000-000000000001',
    1,
    4,
    '2026-03-05',
    7,
    6,
    5,
    7,
    7,
    4,
    4,
    7,
    6,
    6,
    4,
    false,
    110,
    125,
    45,
    70,
    'Breakfast: smoothie; Lunch: leftovers; Dinner: chicken and vegetables',
    'Had some headaches today, maybe not enough carbs today'
  )
on conflict (program_id, week_number, day_of_week) do nothing;

insert into public.daily_log_supplements (
  daily_log_id,
  supplement_id
) values
  ('50000000-0000-0000-0000-000000000001', '40000000-0000-0000-0000-000000000001'),
  ('50000000-0000-0000-0000-000000000001', '40000000-0000-0000-0000-000000000002'),
  ('50000000-0000-0000-0000-000000000001', '40000000-0000-0000-0000-000000000003'),
  ('50000000-0000-0000-0000-000000000002', '40000000-0000-0000-0000-000000000001'),
  ('50000000-0000-0000-0000-000000000002', '40000000-0000-0000-0000-000000000006'),
  ('50000000-0000-0000-0000-000000000003', '40000000-0000-0000-0000-000000000002'),
  ('50000000-0000-0000-0000-000000000003', '40000000-0000-0000-0000-000000000007')
on conflict do nothing;

insert into public.oura_daily_metrics (
  id,
  user_id,
  program_id,
  daily_log_id,
  metric_date,
  readiness_score,
  sleep_score,
  total_sleep_minutes,
  deep_sleep_minutes,
  rem_sleep_minutes,
  hrv,
  resting_heart_rate,
  steps
) values
  (
    '60000000-0000-0000-0000-000000000001',
    '11111111-1111-1111-1111-111111111111',
    '22222222-2222-2222-2222-222222222222',
    '50000000-0000-0000-0000-000000000001',
    '2026-03-03',
    88,
    80,
    424,
    58,
    62,
    22,
    71,
    7666
  ),
  (
    '60000000-0000-0000-0000-000000000002',
    '11111111-1111-1111-1111-111111111111',
    '22222222-2222-2222-2222-222222222222',
    '50000000-0000-0000-0000-000000000002',
    '2026-03-04',
    83,
    80,
    460,
    76,
    78,
    25,
    70,
    5248
  ),
  (
    '60000000-0000-0000-0000-000000000003',
    '11111111-1111-1111-1111-111111111111',
    '22222222-2222-2222-2222-222222222222',
    '50000000-0000-0000-0000-000000000003',
    '2026-03-05',
    95,
    85,
    500,
    78,
    96,
    35,
    63,
    5328
  ),
  (
    '60000000-0000-0000-0000-000000000004',
    '11111111-1111-1111-1111-111111111111',
    '22222222-2222-2222-2222-222222222222',
    null,
    '2026-03-06',
    63,
    52,
    274,
    36,
    50,
    36,
    61,
    9344
  ),
  (
    '60000000-0000-0000-0000-000000000005',
    '11111111-1111-1111-1111-111111111111',
    '22222222-2222-2222-2222-222222222222',
    null,
    '2026-03-07',
    70,
    44,
    413,
    10,
    39,
    33,
    66,
    3512
  )
on conflict (user_id, metric_date) do nothing;

insert into public.daily_tags (
  id,
  user_id,
  daily_log_id,
  oura_metric_id,
  tag
) values
  ('70000000-0000-0000-0000-000000000001', '11111111-1111-1111-1111-111111111111', '50000000-0000-0000-0000-000000000003', '60000000-0000-0000-0000-000000000003', 'Patch renewal'),
  ('70000000-0000-0000-0000-000000000002', '11111111-1111-1111-1111-111111111111', '50000000-0000-0000-0000-000000000003', '60000000-0000-0000-0000-000000000003', 'Workout'),
  ('70000000-0000-0000-0000-000000000003', '11111111-1111-1111-1111-111111111111', null, '60000000-0000-0000-0000-000000000005', 'Nap')
on conflict do nothing;
